image_id,file_name,width,height,split,has_cane
0,weeds/i1255.jpg,4608,3072,train,False
1,weeds/i1356.jpg,4608,3072,train,False
2,weeds/i1400.jpg,4608,3072,train,False
3,weeds/i1450.jpg,4608,3072,train,False
4,weeds/i1453.jpg,4608,3072,train,False
5,weeds/i1477.jpg,4608,3072,train,False
6,weeds/i1576.jpg,4608,3072,train,False
7,weeds/i1618.jpg,4608,3072,train,False
8,weeds/i1627.jpg,4608,3072,train,False
9,weeds/i1667.jpg,4608,3072,train,False
10,weeds/i1860.jpg,4608,3072,train,False
11,weeds/i1940.jpg,4608,3072,train,False
12,weeds/i1943.jpg,4608,3072,train,False
13,weeds/i1961.jpg,4608,3072,train,False
14,weeds/i1964.jpg,4608,3072,train,False
15,weeds/i1977.jpg,4608,3072,train,False
16,weeds/i2030.jpg,4608,3072,train,False
17,weeds/i2074.jpg,4608,3072,train,False
18,SugarcaneWeedsMix/i2825.jpg,4608,3072,train,True
19,SugarcaneWeedsMix/i2835.jpg,3072,4608,train,True
20,SugarcaneWeedsMix/i2846.jpg,3072,4608,train,True
21,SugarcaneWeedsMix/i2847.jpg,3072,4608,train,True
22,SugarcaneWeedsMix/i2854.jpg,4608,3072,train,True
23,SugarcaneWeedsMix/i2865.jpg,4608,3072,train,True
24,SugarcaneWeedsMix/i2867.jpg,4608,3072,train,True
25,SugarcaneWeedsMix/i2883.jpg,3072,4608,train,True
26,SugarcaneWeedsMix/i2894.jpg,3072,4608,train,True
27,SugarcaneWeedsMix/i2902.jpg,4608,3072,train,True
28,SugarcaneWeedsMix/i2913.jpg,3072,4608,train,True
29,SugarcaneWeedsMix/i2916.jpg,4608,3072,train,True
30,SugarcaneWeedsMix/i2920.jpg,4608,3072,train,True
31,SugarcaneWeedsMix/i2937.jpg,3072,4608,train,True
32,SugarcaneWeedsMix/i2956.jpg,3072,4608,train,True
33,SugarcaneWeedsMix/i2973.jpg,3072,4608,train,True
34,SugarcaneWeedsMix/i2974.jpg,4608,3072,train,True
35,SugarcaneWeedsMix/i2987.jpg,4608,3072,train,True
36,SugarcaneWeedsMix/i3005.jpg,4608,3072,train,True
37,SugarcaneWeedsMix/i3006.jpg,4608,3072,train,True
38,SugarcaneWeedsMix/i3028.jpg,4608,3072,train,True
39,SugarcaneWeedsMix/i3031.jpg,4608,3072,train,True
40,SugarcaneWeedsMix/i3036.jpg,4608,3072,train,True
41,SugarcaneWeedsMix/i3043.jpg,4608,3072,train,True
42,SugarcaneWeedsMix/i3046.jpg,3072,4608,train,True
43,SugarcaneWeedsMix/i3051.jpg,3072,4608,train,True
44,SugarcaneWeedsMix/i3059.jpg,3072,4608,train,True
45,SugarcaneWeedsMix/i3060.jpg,3072,4608,train,True
46,SugarcaneWeedsMix/i3065.jpg,3072,4608,train,True
47,SugarcaneWeedsMix/i3072.jpg,4608,3072,train,True
48,SugarcaneWeedsMix/i3079.jpg,4608,3072,train,True
49,SugarcaneWeedsMix/i3086.jpg,3072,4608,train,True
50,SugarcaneWeedsMix/i3102.jpg,4608,3072,train,True
51,SugarcaneWeedsMix/i3107.jpg,4608,3072,train,True
52,SugarcaneWeedsMix/i3114.jpg,3072,4608,train,True
53,SugarcaneWeedsMix/i3115.jpg,4608,3072,train,True
54,SugarcaneWeedsMix/i3121.jpg,4608,3072,train,True
55,SugarcaneWeedsMix/i3122.jpg,4608,3072,train,True
56,SugarcaneWeedsMix/i3130.jpg,4608,3072,train,True
57,SugarcaneWeedsMix/i3135.jpg,4608,3072,train,True
58,SugarcaneWeedsMix/i3141.jpg,4608,3072,train,True
59,SugarcaneWeedsMix/i3146.jpg,4608,3072,train,True
60,SugarcaneWeedsMix/i3169.jpg,4608,3072,train,True
61,SugarcaneWeedsMix/i3183.jpg,4608,3072,train,True
62,SugarcaneWeedsMix/i3189.jpg,3072,4608,train,True
63,SugarcaneWeedsMix/i3191.jpg,3072,4608,train,True
64,SugarcaneWeedsMix/i3198.jpg,3072,4608,train,True
65,SugarcaneWeedsMix/i3204.jpg,3072,4608,train,True
66,SugarcaneWeedsMix/i3205.jpg,4608,3072,train,True
67,SugarcaneWeedsMix/i3207.jpg,4608,3072,train,True
68,SugarcaneWeedsMix/i3219.jpg,3072,4608,train,True
69,SugarcaneWeedsMix/i3227.jpg,4608,3072,train,True
70,SugarcaneWeedsMix/i2826.jpg,3072,4608,train,True
71,SugarcaneWeedsMix/i2827.jpg,4608,3072,train,True
72,SugarcaneWeedsMix/i2828.jpg,3072,4608,train,True
73,SugarcaneWeedsMix/i2831.jpg,3072,4608,train,True
74,SugarcaneWeedsMix/i2837.jpg,3072,4608,train,True
75,SugarcaneWeedsMix/i2838.jpg,4608,3072,train,True
76,SugarcaneWeedsMix/i2856.jpg,4608,3072,train,True
77,SugarcaneWeedsMix/i2858.jpg,4608,3072,train,True
78,SugarcaneWeedsMix/i2885.jpg,4608,3072,train,True
79,SugarcaneWeedsMix/i2893.jpg,4608,3072,train,True
80,SugarcaneWeedsMix/i2901.jpg,4608,3072,train,True
81,SugarcaneWeedsMix/i2905.jpg,3072,4608,train,False
82,SugarcaneWeedsMix/i2906.jpg,3072,4608,train,True
83,SugarcaneWeedsMix/i2926.jpg,3072,4608,train,True
84,SugarcaneWeedsMix/i2944.jpg,3072,4608,train,True
85,SugarcaneWeedsMix/i2960.jpg,4608,3072,train,True
86,SugarcaneWeedsMix/i2971.jpg,3072,4608,train,False
87,SugarcaneWeedsMix/i2972.jpg,4608,3072,train,True
88,SugarcaneWeedsMix/i2977.jpg,4608,3072,train,True
89,SugarcaneWeedsMix/i2980.jpg,4608,3072,train,True
90,SugarcaneWeedsMix/i2992.jpg,4608,3072,train,True
91,SugarcaneWeedsMix/i2999.jpg,4608,3072,train,True
92,SugarcaneWeedsMix/i3014.jpg,4608,3072,train,True
93,SugarcaneWeedsMix/i3019.jpg,3072,4608,train,True
94,SugarcaneWeedsMix/i3033.jpg,3072,4608,train,True
95,SugarcaneWeedsMix/i3048.jpg,3072,4608,train,True
96,SugarcaneWeedsMix/i3081.jpg,3072,4608,train,True
97,SugarcaneWeedsMix/i3083.jpg,3072,4608,train,True
98,SugarcaneWeedsMix/i3084.jpg,4608,3072,train,True
99,SugarcaneWeedsMix/i3095.jpg,4608,3072,train,True
100,SugarcaneWeedsMix/i3104.jpg,3072,4608,train,True
101,SugarcaneWeedsMix/i3109.jpg,3072,4608,train,False
102,SugarcaneWeedsMix/i3110.jpg,3072,4608,train,True
103,SugarcaneWeedsMix/i3140.jpg,3072,4608,train,True
104,SugarcaneWeedsMix/i3161.jpg,3072,4608,train,True
105,SugarcaneWeedsMix/i3192.jpg,3072,4608,train,True
106,SugarcaneWeedsMix/i3210.jpg,4608,3072,train,True
107,SugarcaneWeedsMix/i3212.jpg,4608,3072,train,True
108,SugarcaneWeedsMix/i3214.jpg,3072,4608,train,True
109,SugarcaneWeedsMix/i3223.jpg,3072,4608,train,True
110,SugarcaneWeedsMix/i3229.jpg,4608,3072,train,True
111,weeds/i1422.jpg,4608,3072,train,False
112,weeds/i1427.jpg,4608,3072,train,False
113,weeds/i1666.jpg,4608,3072,train,False
114,weeds/i1729.jpg,4608,3072,train,False
115,weeds/i1318.jpg,4608,3072,val,False
116,weeds/i1646.jpg,4608,3072,val,False
117,weeds/i1681.jpg,4608,3072,val,False
118,weeds/i1801.jpg,4608,3072,val,False
119,weeds/i1999.jpg,3072,4608,val,False
120,SugarcaneWeedsMix/i2829.jpg,4608,3072,val,True
121,SugarcaneWeedsMix/i2832.jpg,3072,4608,val,True
122,SugarcaneWeedsMix/i2864.jpg,4608,3072,val,True
123,SugarcaneWeedsMix/i2915.jpg,4608,3072,val,True
124,SugarcaneWeedsMix/i2928.jpg,3072,4608,val,True
125,SugarcaneWeedsMix/i2936.jpg,3072,4608,val,True
126,SugarcaneWeedsMix/i2953.jpg,3072,4608,val,True
127,SugarcaneWeedsMix/i2957.jpg,3072,4608,val,True
128,SugarcaneWeedsMix/i2991.jpg,4608,3072,val,True
129,SugarcaneWeedsMix/i2998.jpg,4608,3072,val,True
130,SugarcaneWeedsMix/i3001.jpg,3072,4608,val,True
131,SugarcaneWeedsMix/i3003.jpg,3072,4608,val,True
132,SugarcaneWeedsMix/i3004.jpg,4608,3072,val,True
133,SugarcaneWeedsMix/i3012.jpg,4608,3072,val,True
134,SugarcaneWeedsMix/i3047.jpg,3072,4608,val,True
135,SugarcaneWeedsMix/i3076.jpg,4608,3072,val,True
136,SugarcaneWeedsMix/i3119.jpg,3072,4608,val,True
137,SugarcaneWeedsMix/i3149.jpg,4608,3072,val,True
138,SugarcaneWeedsMix/i3150.jpg,3072,4608,val,True
139,SugarcaneWeedsMix/i3156.jpg,3072,4608,val,True
140,SugarcaneWeedsMix/i3164.jpg,4608,3072,val,True
141,SugarcaneWeedsMix/i3184.jpg,3072,4608,val,True
142,SugarcaneWeedsMix/i3213.jpg,4608,3072,val,True
143,SugarcaneWeedsMix/i2833.jpg,3072,4608,val,True
144,SugarcaneWeedsMix/i2839.jpg,3072,4608,val,True
145,SugarcaneWeedsMix/i2840.jpg,4608,3072,val,True
146,SugarcaneWeedsMix/i2857.jpg,4608,3072,val,True
147,SugarcaneWeedsMix/i2866.jpg,4608,3072,val,True
148,SugarcaneWeedsMix/i2874.jpg,3072,4608,val,True
149,SugarcaneWeedsMix/i2880.jpg,3072,4608,val,True
150,SugarcaneWeedsMix/i2888.jpg,4608,3072,val,True
151,SugarcaneWeedsMix/i2918.jpg,4608,3072,val,True
152,SugarcaneWeedsMix/i2924.jpg,4608,3072,val,True
153,SugarcaneWeedsMix/i2929.jpg,3072,4608,val,True
154,SugarcaneWeedsMix/i2959.jpg,3072,4608,val,True
155,SugarcaneWeedsMix/i2989.jpg,3072,4608,val,True
156,SugarcaneWeedsMix/i3007.jpg,3072,4608,val,True
157,SugarcaneWeedsMix/i3011.jpg,4608,3072,val,True
158,SugarcaneWeedsMix/i3092.jpg,3072,4608,val,True
159,SugarcaneWeedsMix/i3097.jpg,4608,3072,val,True
160,SugarcaneWeedsMix/i3113.jpg,4608,3072,val,True
161,SugarcaneWeedsMix/i3126.jpg,4608,3072,val,True
162,SugarcaneWeedsMix/i3195.jpg,4608,3072,val,True
163,SugarcaneWeedsMix/i3199.jpg,3072,4608,val,True
164,SugarcaneWeedsMix/i3221.jpg,4608,3072,val,True
165,SugarcaneWeedsMix/i3230.jpg,3072,4608,val,True
166,sugarcane/i3244.jpg,3072,4608,val,True
167,weeds/i1295.jpg,4608,3072,val,False
168,weeds/i1310.jpg,4608,3072,test,False
169,weeds/i1321.jpg,4608,3072,test,False
170,weeds/i1334.jpg,4608,3072,test,False
171,weeds/i1804.jpg,4608,3072,test,False
172,weeds/i1972.jpg,3072,4608,test,False
173,weeds/i2040.jpg,4608,3072,test,False
174,SugarcaneWeedsMix/i2845.jpg,4608,3072,test,True
175,SugarcaneWeedsMix/i2849.jpg,4608,3072,test,True
176,SugarcaneWeedsMix/i2850.jpg,3072,4608,test,True
177,SugarcaneWeedsMix/i2873.jpg,4608,3072,test,True
178,SugarcaneWeedsMix/i2908.jpg,4608,3072,test,True
179,SugarcaneWeedsMix/i2934.jpg,3072,4608,test,True
180,SugarcaneWeedsMix/i2945.jpg,4608,3072,test,True
181,SugarcaneWeedsMix/i2954.jpg,3072,4608,test,True
182,SugarcaneWeedsMix/i2969.jpg,4608,3072,test,True
183,SugarcaneWeedsMix/i2982.jpg,4608,3072,test,True
184,SugarcaneWeedsMix/i3015.jpg,4608,3072,test,True
185,SugarcaneWeedsMix/i3073.jpg,4608,3072,test,True
186,SugarcaneWeedsMix/i3077.jpg,4608,3072,test,True
187,SugarcaneWeedsMix/i3078.jpg,4608,3072,test,True
188,SugarcaneWeedsMix/i3136.jpg,4608,3072,test,True
189,SugarcaneWeedsMix/i3144.jpg,3072,4608,test,True
190,SugarcaneWeedsMix/i3148.jpg,4608,3072,test,True
191,SugarcaneWeedsMix/i3151.jpg,4608,3072,test,True
192,SugarcaneWeedsMix/i3157.jpg,3072,4608,test,True
193,SugarcaneWeedsMix/i3158.jpg,4608,3072,test,True
194,SugarcaneWeedsMix/i3182.jpg,3072,4608,test,True
195,SugarcaneWeedsMix/i3194.jpg,4608,3072,test,True
196,SugarcaneWeedsMix/i3217.jpg,3072,4608,test,True
197,SugarcaneWeedsMix/i3222.jpg,3072,4608,test,True
198,SugarcaneWeedsMix/i3232.jpg,4608,3072,test,True
199,SugarcaneWeedsMix/i2816.jpg,3072,4608,test,True
200,SugarcaneWeedsMix/i2821.jpg,3072,4608,test,True
201,SugarcaneWeedsMix/i2895.jpg,4608,3072,test,True
202,SugarcaneWeedsMix/i2925.jpg,3072,4608,test,True
203,SugarcaneWeedsMix/i2955.jpg,4608,3072,test,True
204,SugarcaneWeedsMix/i2978.jpg,3072,4608,test,True
205,SugarcaneWeedsMix/i3022.jpg,3072,4608,test,True
206,SugarcaneWeedsMix/i3042.jpg,4608,3072,test,True
207,SugarcaneWeedsMix/i3054.jpg,4608,3072,test,True
208,SugarcaneWeedsMix/i3074.jpg,4608,3072,test,True
209,SugarcaneWeedsMix/i3082.jpg,4608,3072,test,True
210,SugarcaneWeedsMix/i3088.jpg,3072,4608,test,True
211,SugarcaneWeedsMix/i3091.jpg,4608,3072,test,True
212,SugarcaneWeedsMix/i3108.jpg,3072,4608,test,True
213,SugarcaneWeedsMix/i3118.jpg,3072,4608,test,True
214,SugarcaneWeedsMix/i3138.jpg,4608,3072,test,True
215,SugarcaneWeedsMix/i3160.jpg,4608,3072,test,True
216,SugarcaneWeedsMix/i3202.jpg,4608,3072,test,True
217,weeds/i1634.jpg,4608,3072,test,False
218,weeds/i1792.jpg,4608,3072,test,False
219,weeds/i1957.jpg,4608,3072,test,False
220,weeds/i1959.jpg,4608,3072,test,False
221,weeds/i1992.jpg,3072,4608,test,False
